{"cameraMode":{"drawMode":0,"name":"Shaded","section":"Shading Mode"},"sceneLighting":true,"audioPlay":false,"sceneViewState":{"showFog":true,"showMaterialUpdate":true,"showSkybox":true,"showFlares":true,"showImageEffects":true,"showParticleSystems":true},"in2DMode":false,"pivot":{"x":18.854019165039064,"y":4.438968658447266,"z":8.806510925292969},"rotation":{"x":0.23102912306785584,"y":-0.11787530034780503,"z":0.028210513293743135,"w":0.9653800129890442},"size":8.267989158630371,"orthographic":false}